{
    "em": 0.198,
    "f1": 0.26507194775812437,
    "prec": 0.2826995400432899,
    "recall": 0.26814325396825395,
    "sp_em": 0.024,
    "sp_f1": 0.1994904262404264,
    "sp_prec": 0.2548007686757687,
    "sp_recall": 0.1829261904761905,
    "joint_em": 0.014,
    "joint_f1": 0.10133858677945909,
    "joint_prec": 0.135389898989899,
    "joint_recall": 0.09363849206349209
}