{
    "em": 0.54,
    "f1": 0.6791704146095452,
    "prec": 0.7047809523809524,
    "recall": 0.6858920634920633,
    "sp_em": 0.204,
    "sp_f1": 0.6004031746031757,
    "sp_prec": 0.7319333333333332,
    "sp_recall": 0.5509333333333333,
    "joint_em": 0.144,
    "joint_f1": 0.4591681411647088,
    "joint_prec": 0.5752158730158731,
    "joint_recall": 0.4240703703703703
}