{
    "em": 1.0,
    "f1": 1.0,
    "prec": 1.0,
    "recall": 1.0,
    "sp_em": 0.0,
    "sp_f1": 0.6666666666666666,
    "sp_prec": 1.0,
    "sp_recall": 0.5,
    "joint_em": 0.0,
    "joint_f1": 0.6666666666666666,
    "joint_prec": 1.0,
    "joint_recall": 0.5
}