{
    "em": 0.0,
    "f1": 0.7692307692307692,
    "prec": 0.8333333333333334,
    "recall": 0.7142857142857143,
    "sp_em": 0.0,
    "sp_f1": 0.8,
    "sp_prec": 1.0,
    "sp_recall": 0.6666666666666666,
    "joint_em": 0.0,
    "joint_f1": 0.6060606060606061,
    "joint_prec": 0.8333333333333334,
    "joint_recall": 0.47619047619047616
}